{"cameraMode":{"drawMode":0,"name":"Shaded","section":"Shading Mode"},"sceneLighting":false,"audioPlay":false,"sceneViewState":{"m_AlwaysRefresh":false,"showFog":true,"showSkybox":false,"showFlares":true,"showImageEffects":true,"showParticleSystems":true,"showVisualEffectGraphs":true,"m_FxEnabled":false},"in2DMode":false,"pivot":{"x":6.418230056762695,"y":0.5341822504997253,"z":-1.2001640796661378},"rotation":{"x":0.0018506970955058933,"y":0.9894849061965942,"z":-0.14409610629081727,"w":0.013943991623818875},"size":0.8660253882408142,"orthographic":false}