{"cameraMode":{"drawMode":0,"name":"Shaded","section":"Shading Mode"},"sceneLighting":false,"audioPlay":false,"sceneViewState":{"m_AlwaysRefresh":false,"showFog":true,"showSkybox":false,"showFlares":true,"showImageEffects":true,"showParticleSystems":true,"showVisualEffectGraphs":true,"m_FxEnabled":false},"in2DMode":false,"pivot":{"x":-1.7569993734359742,"y":-0.3375471830368042,"z":5.539403438568115},"rotation":{"x":-0.0032013398595154287,"y":0.9954348206520081,"z":-0.08923240751028061,"w":-0.03377699479460716},"size":1.9471312761306763,"orthographic":false}