{"cameraMode":{"drawMode":0,"name":"Shaded","section":"Shading Mode"},"sceneLighting":false,"audioPlay":false,"sceneViewState":{"m_AlwaysRefresh":false,"showFog":true,"showSkybox":false,"showFlares":true,"showImageEffects":true,"showParticleSystems":true,"showVisualEffectGraphs":true,"m_FxEnabled":false},"in2DMode":false,"pivot":{"x":-3.809903144836426,"y":6.2496819496154789,"z":5.096885681152344},"rotation":{"x":0.004793515894562006,"y":-0.4625577926635742,"z":0.0025035955477505924,"w":0.8865883350372315},"size":6.58467435836792,"orthographic":false}