{"cameraMode":{"drawMode":0,"name":"Shaded","section":"Shading Mode"},"sceneLighting":true,"audioPlay":false,"sceneViewState":{"m_AlwaysRefresh":false,"showFog":true,"showSkybox":true,"showFlares":true,"showImageEffects":true,"showParticleSystems":true,"showVisualEffectGraphs":true,"m_FxEnabled":false},"in2DMode":false,"pivot":{"x":103.5738754272461,"y":12.356156349182129,"z":1153.3162841796875},"rotation":{"x":-0.0017970693297684193,"y":0.04591570049524307,"z":-0.00008374063327210024,"w":0.9989884495735169},"size":592.134033203125,"orthographic":false}