{"cameraMode":{"drawMode":0,"name":"Shaded","section":"Shading Mode"},"sceneLighting":true,"audioPlay":false,"sceneViewState":{"m_AlwaysRefresh":false,"showFog":true,"showSkybox":true,"showFlares":true,"showImageEffects":true,"showParticleSystems":true,"showVisualEffectGraphs":true,"m_FxEnabled":false},"in2DMode":false,"pivot":{"x":2.5970773696899416,"y":-3.4672768115997316,"z":29.922819137573243},"rotation":{"x":-0.10720353573560715,"y":-0.00748233450576663,"z":0.0008626338676549494,"w":-0.9942585825920105},"size":21.775508880615236,"orthographic":false}