{"cameraMode":{"drawMode":0,"name":"Shaded","section":"Shading Mode"},"sceneLighting":true,"audioPlay":false,"sceneViewState":{"m_AlwaysRefresh":false,"showFog":true,"showSkybox":true,"showFlares":true,"showImageEffects":true,"showParticleSystems":true,"showVisualEffectGraphs":true,"m_FxEnabled":false},"in2DMode":false,"pivot":{"x":40.77238082885742,"y":-65.69767761230469,"z":876.6403198242188},"rotation":{"x":0.0389837771654129,"y":0.024302924051880838,"z":-0.0011233866680413485,"w":0.9989652633666992},"size":448.6112060546875,"orthographic":false}