{"cameraMode":{"drawMode":0,"name":"Shaded","section":"Shading Mode"},"sceneLighting":true,"audioPlay":false,"sceneViewState":{"m_AlwaysRefresh":false,"showFog":true,"showSkybox":true,"showFlares":true,"showImageEffects":true,"showParticleSystems":true,"showVisualEffectGraphs":true,"m_FxEnabled":false},"in2DMode":false,"pivot":{"x":-0.1493697315454483,"y":5.508514404296875,"z":5.622833728790283},"rotation":{"x":-0.006591436453163624,"y":-0.0008682205807417631,"z":-0.00017786907847039402,"w":0.9999915957450867},"size":8.018269538879395,"orthographic":false}