{"cameraMode":{"drawMode":0,"name":"Shaded","section":"Shading Mode"},"sceneLighting":true,"audioPlay":false,"sceneViewState":{"m_AlwaysRefresh":false,"showFog":true,"showSkybox":true,"showFlares":true,"showImageEffects":true,"showParticleSystems":true,"showVisualEffectGraphs":true,"m_FxEnabled":false},"in2DMode":false,"pivot":{"x":19.559003829956056,"y":-563.45263671875,"z":1898.5435791015625},"rotation":{"x":-0.14411793649196626,"y":-0.002674808958545327,"z":0.000636486744042486,"w":-0.9896530508995056},"size":1001.1688842773438,"orthographic":false}