{"cameraMode":{"drawMode":0,"name":"Shaded","section":"Shading Mode"},"sceneLighting":true,"audioPlay":false,"sceneViewState":{"m_AlwaysRefresh":false,"showFog":true,"showSkybox":true,"showFlares":true,"showImageEffects":true,"showParticleSystems":true,"showVisualEffectGraphs":true,"m_FxEnabled":false},"in2DMode":false,"pivot":{"x":543.9002075195313,"y":207.7308807373047,"z":1648.643310546875},"rotation":{"x":0.02460792288184166,"y":-0.008071467280387879,"z":0.00005569080531131476,"w":0.999713659286499},"size":1418.8226318359375,"orthographic":false}