{"cameraMode":{"drawMode":0,"name":"Shaded","section":"Shading Mode"},"sceneLighting":true,"audioPlay":false,"sceneViewState":{"m_AlwaysRefresh":false,"showFog":true,"showSkybox":true,"showFlares":true,"showImageEffects":true,"showParticleSystems":true,"showVisualEffectGraphs":true,"m_FxEnabled":false},"in2DMode":false,"pivot":{"x":1.6006799936294556,"y":-0.0395207405090332,"z":62.93846130371094},"rotation":{"x":-0.0497891828417778,"y":0.010458513163030148,"z":-0.00046576274326071143,"w":-0.998772382736206},"size":33.758094787597659,"orthographic":false}