{"cameraMode":{"drawMode":0,"name":"Shaded","section":"Shading Mode"},"sceneLighting":false,"audioPlay":false,"sceneViewState":{"m_AlwaysRefresh":false,"showFog":true,"showSkybox":false,"showFlares":true,"showImageEffects":true,"showParticleSystems":true,"showVisualEffectGraphs":true,"m_FxEnabled":false},"in2DMode":false,"pivot":{"x":2.988603115081787,"y":6.217335224151611,"z":1.1920928955078126e-7},"rotation":{"x":-0.008990784175693989,"y":-0.009292629547417164,"z":-0.0000838609121274203,"w":0.9999167323112488},"size":1.085291862487793,"orthographic":false}