{"cameraMode":{"drawMode":0,"name":"Shaded","section":"Shading Mode"},"sceneLighting":false,"audioPlay":false,"sceneViewState":{"m_AlwaysRefresh":false,"showFog":true,"showSkybox":false,"showFlares":true,"showImageEffects":true,"showParticleSystems":true,"showVisualEffectGraphs":true,"m_FxEnabled":false},"in2DMode":false,"pivot":{"x":0.20095893740653993,"y":7.531026363372803,"z":0.15474125742912293},"rotation":{"x":0.07505910843610764,"y":0.7242434024810791,"z":-0.07984967529773712,"w":0.6808024644851685},"size":0.4738132953643799,"orthographic":false}