{"cameraMode":{"drawMode":0,"name":"Shaded","section":"Shading Mode"},"sceneLighting":false,"audioPlay":false,"sceneViewState":{"m_AlwaysRefresh":false,"showFog":true,"showSkybox":false,"showFlares":true,"showImageEffects":true,"showParticleSystems":true,"showVisualEffectGraphs":true,"m_FxEnabled":false},"in2DMode":false,"pivot":{"x":0.6570785045623779,"y":2.4292852878570558,"z":1.9532769918441773},"rotation":{"x":0.10328920185565949,"y":0.5228063464164734,"z":-0.06399499624967575,"w":0.8437528014183044},"size":1.2804328203201295,"orthographic":false}