{"cameraMode":{"drawMode":0,"name":"Shaded","section":"Shading Mode"},"sceneLighting":false,"audioPlay":false,"sceneViewState":{"m_AlwaysRefresh":false,"showFog":true,"showSkybox":false,"showFlares":true,"showImageEffects":true,"showParticleSystems":true,"showVisualEffectGraphs":true,"m_FxEnabled":false},"in2DMode":false,"pivot":{"x":-1.8217120170593262,"y":4.29964017868042,"z":-0.4921465814113617},"rotation":{"x":-0.15088491141796113,"y":-0.06670432537794113,"z":0.010195375420153141,"w":-0.9862688183784485},"size":1.0832083225250245,"orthographic":false}