{"cameraMode":{"drawMode":0,"name":"Shaded","section":"Shading Mode"},"sceneLighting":false,"audioPlay":false,"sceneViewState":{"m_AlwaysRefresh":false,"showFog":true,"showSkybox":false,"showFlares":true,"showImageEffects":true,"showParticleSystems":true,"showVisualEffectGraphs":true,"m_FxEnabled":false},"in2DMode":false,"pivot":{"x":0.2431754767894745,"y":1.136250376701355,"z":1.359689474105835},"rotation":{"x":0.0012274386826902629,"y":0.9956761002540588,"z":-0.09167197346687317,"w":0.015216697007417679},"size":1.9471312761306763,"orthographic":false}